,class,filter,pretrained_AUROC_scores,all_layers_finetuned_AUROC_scores,pretrained_and_finetuned_AUROC_scores
0,all,0,0.9742770555555555,0.955495074074074,0.9792392592592591
1,all,1,0.6265350185185186,0.5629377592592593,0.6141629814814814
2,all,2,0.572930037037037,0.5451685555555555,0.5615805925925925
